Sentence,Stimulus,Transcription Rater 1,Score,Participant,Rule_Score,LLM_Score,Semantic_Similarity,Divergence_Flag,Reasoning
1.0,Quiero cortarme el pelo,Quiero cortarme el pelo,4,AutoEIT Sample Transcriptions for Scoring(38001-1A),4,4,1.0,False,"The learner fully preserved the meaning of the prompt sentence, reproducing all words correctly with no significant variations."
2.0,El libro está en la mesa,El libro está en la mesa,4,AutoEIT Sample Transcriptions for Scoring(38001-1A),4,4,1.0,False,"The learner reproduced the prompt sentence exactly, preserving the meaning completely."
3.0,El carro lo tiene Pedro,El carro lo tiene Pedro,4,AutoEIT Sample Transcriptions for Scoring(38001-1A),4,4,1.0,False,"The learner fully preserved the meaning of the prompt sentence, reproducing all words correctly with no significant variations."
4.0,El se ducha cada mañana,El se ducha cada mañana,4,AutoEIT Sample Transcriptions for Scoring(38001-1A),4,4,1.0,False,"The learner fully preserved the meaning of the prompt sentence, reproducing all words correctly with no significant variations."
5.0,¿Qué dice usted que va a hacer hoy?,Que dices ustedes se que van a hacer hoy?,3,AutoEIT Sample Transcriptions for Scoring(38001-1A),3,2,0.9547,False,"The learner reproduced some words correctly, such as 'que', 'usted', 'va', 'a', and 'hoy', but made significant errors in verb conjugation ('dice' instead of 'dices' and 'se que' instead of 'qué') and subject-verb agreement ('ustedes' instead of 'usted'), resulting in a partial preservation of the meaning."
6.0,Dudo que sepa manejar muy bien,Dudo que sepa manajar bien,3,AutoEIT Sample Transcriptions for Scoring(38001-1A),3,3,0.8548,False,"The learner reproduced most of the words correctly, with only a slight variation in the verb 'manejar' (manajar), but the overall meaning of the sentence is mostly preserved."
7.0,Las calles de esta ciudad son muy anchas,Las calles de esta cuidad son muy anchas,4,AutoEIT Sample Transcriptions for Scoring(38001-1A),4,3,0.9567,False,"The learner reproduced most of the words correctly, including the key phrase 'muy anchas', which conveys the intended meaning of the sentence, indicating that the meaning is mostly preserved."
8.0,Puede que llueva mañana todo el día,Puede que lleva mañana todo el día,3,AutoEIT Sample Transcriptions for Scoring(38001-1A),4,3,0.7493,False,"The learner reproduced most of the words correctly, including the verb conjugation and the phrase 'todo el día', but made a small error with the verb 'llueva' being replaced with 'lleva', which still conveys the same meaning of potential rain."
9.0,Las casas son muy bonitas pero caras,Las casas son muy bonitas pero muy cadas,3,AutoEIT Sample Transcriptions for Scoring(38001-1A),3,3,0.8731,False,"The learner preserved the meaning of the original sentence, correctly identifying the houses as beautiful, but incorrectly used 'muy cadas' instead of 'caras', which means 'expensive' instead of 'fallen' or 'down', indicating a partial understanding of the word's meaning."
10.0,Me gustan las películas que acaban bien,Me gustan las peliculas que acaban bien,3,AutoEIT Sample Transcriptions for Scoring(38001-1A),4,3,0.5403,False,"The learner reproduced most of the words correctly, including the main verb 'gustan' and the phrase 'acaban bien', which indicates that the meaning of the sentence is mostly preserved, despite a minor spelling variation in 'películas' vs 'películas'."
11.0,El chico con el que yo salgo es español,El chico con yo salgo ...um.. está bien,2,AutoEIT Sample Transcriptions for Scoring(38001-1A),2,2,0.609,False,"The learner reproduced some words correctly ('El chico con', 'español'), but lost the meaning of the sentence due to incorrect word order and omission of the subject pronoun 'yo' and the verb 'salgo'."
12.0,Después de cenar me fui a dormir tranquilo,Despues de cenar me fui a dormir tranquilo,4,AutoEIT Sample Transcriptions for Scoring(38001-1A),4,4,0.9627,False,"The learner reproduced the prompt sentence with perfect accuracy, preserving the meaning and exact wording, with only minor spelling variation ('Después' vs 'Despues') that does not affect the overall meaning."
13.0,Quiero una casa en la que vivan mis animales,Quiero una casa que vivan los animales,2,AutoEIT Sample Transcriptions for Scoring(38001-1A),2,2,0.9793,False,"The learner reproduced some words correctly, such as 'Quiero una casa', but lost the meaning of 'en la que vivan mis animales', replacing it with 'que vivan los animales', which implies the animals are living in the house, rather than the learner living with them."
14.0,A nosotros nos fascinan las fiestas grandiosas,A nosotros ..nos fascina los fiestas grandiosos,3,AutoEIT Sample Transcriptions for Scoring(38001-1A),3,3,0.9819,False,"The learner preserved the meaning of the original sentence, but made some errors in word choice (fascina instead of fascinan, fiestas instead of fiestas is minor but fiestas grandiosos instead of fiestas grandiosas is a significant error) and word order (grandiosos instead of grandiosas), but overall the meaning is mostly preserved."
15.0,Ella sólo bebe cerveza y no come nada,Ella solo bebe cerveza y no come nada,4,AutoEIT Sample Transcriptions for Scoring(38001-1A),4,4,0.9993,False,"The learner reproduced the prompt sentence with minor spelling variation ('solo' instead of 'sólo'), but preserved the exact meaning and wording, indicating a high level of comprehension."
16.0,Me gustaría que el precio de las casas bajara,Me gustaría que las precios de las casas bajaron,3,AutoEIT Sample Transcriptions for Scoring(38001-1A),3,3,0.9869,False,"The learner reproduced most of the words correctly, including the verb conjugation and the phrase 'el precio de las casas', but used the past tense 'bajaron' instead of the desired present tense 'bajara', indicating that the meaning of the sentence is mostly preserved."
17.0,Cruza a la derecha y después sigue todo recto,Cruza a la derecha y sigue a la izquierda,2,AutoEIT Sample Transcriptions for Scoring(38001-1A),2,2,0.9203,False,"The learner reproduced some words correctly, such as 'Cruza a la derecha', but failed to preserve the meaning of the original sentence by changing 'después sigue todo recto' to 'sigue a la izquierda', indicating a partial understanding of the instructions."
18.0,Ella ha terminado de pintar su apartamento,Ella ha terminado pintando su apartamento,3,AutoEIT Sample Transcriptions for Scoring(38001-1A),3,3,0.9928,False,"The learner preserved the meaning of the prompt sentence, but made a minor variation in the verb phrase 'terminado de pintar' which is a common idiomatic expression, and omitted the word 'apartamento' which is not crucial to the meaning."
19.0,Me gustaría que empezara a hacer más calor pronto,Me gustaría se .. más calor,2,AutoEIT Sample Transcriptions for Scoring(38001-1A),1,2,0.869,False,"The learner reproduced some words correctly ('Me gustaría', 'más calor'), but lost the meaning of the sentence due to the incorrect verb conjugation ('se' instead of 'que') and the omission of the phrase 'empezara a hacer'."
20.0,El niño al que se le murió el gato está triste,El niño que se murió su gato es triste,3,AutoEIT Sample Transcriptions for Scoring(38001-1A),3,3,0.9885,False,"The learner preserved the meaning of the prompt sentence, correctly identifying the child as the subject and the cat's death as the reason for the child's sadness, but made a slight change in wording, using 'que' instead of 'al que' and 'su' instead of 'le'."
21.0,Una amiga mía cuida a los niños de mi vecino,una amiga de mio cuida su... niños de vecino,3,AutoEIT Sample Transcriptions for Scoring(38001-1A),2,3,0.9066,False,"The learner reproduced most of the words correctly, including the key elements of the sentence (amiga, cuida, niños, vecino), but made a small error with 'mío' instead of 'mi' and 'su' instead of 'de mi', which still conveys the intended meaning."
22.0,El gato que era negro fue perseguido por el perro,El gato que era negro era perseguido de(l) perro,3,AutoEIT Sample Transcriptions for Scoring(38001-1A),3,3,0.9861,False,"The learner mostly preserved the meaning of the prompt sentence, correctly identifying the cat as being black and being chased by the dog, but made a small error in verb conjugation ('fue' vs 'era') and word order ('perseguido de(l) perro' vs 'perseguido por el perro')."
23.0,Antes de poder salir él tiene que limpiar su cuarto,Antes de salir el tiene que limpiar su cuarto,4,AutoEIT Sample Transcriptions for Scoring(38001-1A),4,3,0.9876,False,"The learner reproduced most of the words correctly, including the main verb 'limpiar' and the phrase 'antes de salir', which indicates that the meaning of the prompt sentence is mostly preserved, but the learner omitted the pronoun 'él' which slightly affects the meaning."
24.0,La cantidad de personas que fuman ha disminuido,La cantidad de personas que fuman ha..desmenido,3,AutoEIT Sample Transcriptions for Scoring(38001-1A),3,2,0.8384,False,"The learner reproduced some words correctly, such as 'La cantidad de personas que fuman', but made a significant error in the verb, changing 'disminuido' to 'desmenido', which indicates a partial loss of meaning."
25.0,Después de llegar a casa del trabajo tomé la cena,Despues de llegar a casa del trabajo...se...meh,2,AutoEIT Sample Transcriptions for Scoring(38001-1A),2,2,0.581,False,"The learner reproduced some words correctly, such as 'después de llegar a casa del trabajo', but the rest of the sentence is incomplete and unclear, indicating that the meaning is partially preserved."
26.0,El ladrón al que atrapó la policía era famoso,El ladrón que atrapó la policia era famoso,3,AutoEIT Sample Transcriptions for Scoring(38001-1A),3,3,0.9949,False,"The learner reproduced most of the words correctly, with only minor variations in word order and spelling ('ladrón al que' vs 'ladrón que'), preserving the overall meaning of the sentence."
27.0,Le pedí a un amigo que me ayudara con la tarea,Le pedí a un amigo que me ayudara con la tarea,4,AutoEIT Sample Transcriptions for Scoring(38001-1A),4,4,1.0,False,"The learner fully reproduced the meaning of the prompt sentence with no variations, indicating a complete understanding of the sentence's structure and content."
28.0,El examen no fue tan difícil como me habían dicho,El examen no fue tan dificil como me decían,3,AutoEIT Sample Transcriptions for Scoring(38001-1A),3,3,0.993,False,"The learner reproduced most of the words correctly, including the main verb 'fue' and the adverb 'tan difícil', and preserved the meaning of the sentence, but made a small error in the adjective 'dificil' instead of 'difícil'."
29.0,¿Serías tan amable de darme el libro que está en la mesa?,Serías tan amable pa'- darme el libro que está en la mesa?,4,AutoEIT Sample Transcriptions for Scoring(38001-1A),4,3,0.9821,False,"The learner reproduced most of the words correctly, including the polite phrase 'Serías tan amable', which suggests they understood the meaning of the prompt sentence. However, the substitution of 'pa'' for 'de' slightly detracts from the score."
30.0,Hay mucha gente que no toma nada para el desayuno,Hay mucha genta que no to- toma nada para el desayuno.,4,AutoEIT Sample Transcriptions for Scoring(38001-1A),4,3,0.9895,False,"The learner reproduced most of the words correctly, including the key phrase 'no toma nada', which conveys the meaning of not eating breakfast, indicating that the meaning of the prompt sentence is mostly preserved."
